arm,round,concurrency,completed,failed,duration,total_input_tokens,total_output_tokens,output_throughput,mean_tpot_ms,median_tpot_ms,p95_tpot_ms,mean_ttft_ms,p95_ttft_ms,mean_e2el_ms,p95_e2el_ms,spec_decode_acceptance_rate,spec_decode_acceptance_length
baseline,0,1,8,0,13.629379474092275,8779,4096,300.527254948472,2.9601314576791955,3.0060589273411,3.1608407444424502,190.69382004090585,223.15485880244523,1703.320994914975,1801.1760027031414,57.22185357221854,2.716655607166556
cake,0,1,8,0,13.744277562014759,8779,4096,298.01493614478284,3.0515625478960424,3.061581256301844,3.3687142775997283,158.2766162173357,189.11106653977185,1717.6250781922136,1905.5334659758955,53.73324824505424,2.6119974473516274
baseline,0,2,8,0,8.300616097869352,8779,4096,493.4573472264769,3.7721252626349417,3.7857093178501278,4.138022826149797,145.79326278180815,203.5306449513882,2073.3492719882634,2243.805051140953,51.64903546981954,2.549471064094586
cake,0,2,8,0,8.687116062967107,8779,4096,471.50285207551383,3.7075574656172954,3.702948050101428,3.958260813530228,226.83751385193318,321.62702619098116,2121.399378782371,2342.287122784182,54.356668807535854,2.630700064226076
baseline,0,4,16,0,11.269996430026367,17496,8192,726.8857670774643,4.920073026194786,5.048156303122144,5.955020053705853,253.13519666087814,399.867725383956,2767.2925130464137,3271.2709621409886,54.5045045045045,2.635135135135135
cake,0,4,16,0,11.055500596063212,17496,8192,740.9886082333635,4.8047684916122435,4.933741079450178,6.11004543421451,279.44036830740515,392.78530108276755,2734.677067521261,3320.3750655520707,54.2695308325318,2.628085924975954
baseline,0,8,32,0,15.766084702918306,35554,16384,1039.192691700262,6.794822211258287,6.836242423850293,8.6601223208834,311.04566653084476,431.8779503228143,3783.1998164838296,4707.462915987708,53.06240775880244,2.5918722327640733
cake,0,8,32,0,14.686137991026044,35554,16384,1115.6098362967468,6.409598225179204,6.103535272078972,8.367755871522194,274.08375324012013,410.3611825616099,3549.3884463066934,4643.709224113262,53.21813570069752,2.5965440710209258
baseline,0,16,64,0,18.23975186003372,71113,32768,1796.5156681654232,8.176337991945763,8.24462332504887,10.169258506543963,235.98710118312738,517.9073092411272,4414.095815067412,5514.578566281123,54.015357542793154,2.6204607262837945
cake,0,16,64,0,20.767944345949218,71113,32768,1577.8162467192565,8.998067434696042,9.118431587904006,12.031869451745928,330.575029431202,615.0707070017233,4928.587488560879,6536.871564120519,52.977883096366504,2.589336492890995
baseline,0,32,128,0,27.86221922095865,142528,65536,2352.1457311161416,12.262726201361271,12.467679891365337,15.389116356010803,418.171851992156,1022.2362537169829,6684.424940887766,8365.984467545059,54.08646471113957,2.6225939413341868
cake,0,32,128,0,26.41637693415396,142528,65536,2480.885253998172,11.666302189518738,11.763352290645182,15.22185214031524,366.69886319577927,978.4098316100426,6328.179282039855,8351.338637445588,54.46069763703585,2.6338209291110752
baseline,0,64,256,0,32.856661099009216,287191,131072,3989.206316644038,14.597349979046252,14.867308735710782,18.053343612632354,442.56561556358065,1468.5076557216235,7901.811454856215,9695.305150002241,54.421345117337886,2.6326403535201366
cake,0,64,256,0,32.04207959701307,287191,131072,4090.620885050744,14.11684102374991,14.28018667103646,17.507912049802666,453.4718494169283,1553.8642184692435,7667.177612553132,9466.83728712378,54.69344992243064,2.6408034976729193
cake,1,64,256,0,33.90703881508671,287191,131072,3865.6280400894343,14.974804847364982,15.094668055846267,18.66359175287676,495.0751848718937,1664.3506127293222,8147.2004618754,10551.80974805262,54.79013739883305,2.6437041219649915
baseline,1,64,256,0,37.81367235281505,287191,131072,3466.2594729507227,16.785733746128567,16.019558640873086,23.483262705131857,555.5613501637708,1693.772486061789,9133.071294435467,12774.302651174366,54.601194069900046,2.6380358220970015
cake,1,32,128,0,24.201730496948585,142528,65536,2707.905536269935,10.73119227527742,10.932009935300659,13.275661448826884,313.6120576218673,911.2193440785632,5797.25131028863,7180.951003625523,54.39068460148565,2.6317205380445694
baseline,1,32,128,0,28.842326255049556,142528,65536,2272.2161666320626,12.923416627217355,12.704069684933936,17.76628731260142,382.62780869445123,905.0780291901901,6986.49370520252,9459.950894524809,53.9333919016053,2.618001757048159
cake,1,16,64,0,20.55743264593184,71113,32768,1593.973360602718,9.020561703526116,8.93406619667759,11.861412006921503,320.80658041741117,608.8426341186278,4930.3136109192565,6435.645404609385,54.33049804739743,2.629914941421923
baseline,1,16,64,0,20.8998143740464,71113,32768,1567.8608151032975,9.235955071280147,9.575585943123656,12.041208724634364,372.35170771964476,613.8754704385065,5091.9247491438,6558.653792145195,52.912685250993704,2.587380557529811
cake,1,8,32,0,15.251268883934245,35554,16384,1074.2712704553376,6.5714646089764415,6.21062445904469,8.501038771581065,297.1606037172023,406.55580253805965,3655.179018904164,4627.985639113467,52.03480798290866,2.5610442394872597
baseline,1,8,32,0,15.041264888131991,35554,16384,1089.2700927651017,6.485911133004159,6.4997424972070466,8.29842924607422,252.5464580685366,409.960871131625,3566.8470470336615,4459.400426084176,54.044686183543966,2.621340585506319
cake,1,4,16,0,11.234622462885454,17496,8192,729.1744806790775,4.849961490088749,4.903656698685001,5.89572188092228,280.2977289247792,397.3067134502344,2758.62805036013,3347.3524439614266,53.128627202701274,2.5938588160810383
baseline,1,4,16,0,11.199328861897811,17496,8192,731.4724034822033,4.895518308629805,4.9817574717589235,6.073661462140476,267.1177119918866,388.5917046573013,2768.727567701717,3358.7719718925655,54.054630815194194,2.6216389244558256
cake,1,2,8,0,8.523357912898064,8779,4096,480.5617741103754,3.69442814949457,3.7186718796454588,4.2383291189505945,227.78356561320834,322.459451726172,2115.636350004934,2373.830648744479,55.252918287937746,2.6575875486381326
baseline,1,2,8,0,8.501776073826477,8779,4096,481.78168472466876,3.7252022106215947,3.6671105576332828,4.326100330690465,215.27443200466223,314.5855180337093,2118.852761632297,2476.195751456544,54.93867010974822,2.6481601032924464
cake,1,1,8,0,14.442100615007803,8779,4096,283.6152516306082,3.1635987820352542,3.1009296496597405,3.524865536816571,187.62428365880623,196.3027468067594,1804.2232612788212,1989.3576466594823,51.028806584362144,2.530864197530864
baseline,1,1,8,0,14.712172196945176,8779,4096,278.40892188921566,3.248180391917592,3.268352689890377,3.606103002362558,178.88529336778447,190.6484854174778,1838.705473637674,2029.8784669605086,50.39852851011649,2.511955855303495
baseline,2,1,8,0,13.427238496020436,8779,4096,305.05155629833877,3.051124295297693,3.0531443463211945,3.326564724716575,118.89333790168166,121.34767381940037,1678.0178527988028,1818.34341424983,55.63517915309446,2.669055374592834
cake,2,1,8,0,13.77480011805892,8779,4096,297.3545869917994,3.027837221893899,3.057262394349446,3.375312867765761,174.2423393880017,187.76207454502583,1721.4671597757842,1907.2812858503312,54.65291209972061,2.6395873629916182
baseline,2,2,8,0,8.654391999123618,8779,4096,473.28570284484215,3.759340613550979,3.6848648936522364,4.371946769535956,241.05145124485716,363.4426045115106,2162.074504769407,2477.1587614901364,54.20401195049082,2.626120358514725
cake,2,2,8,0,8.164560598088428,8779,4096,501.6803967330462,3.5233528121696227,3.4252963130910916,3.970037810408753,233.44357986934483,366.5591172990389,2033.876866888022,2255.6249788147397,57.11759504862953,2.7135278514588856
baseline,2,4,16,0,10.18063430301845,17496,8192,804.6649900361472,4.562013705387264,4.565532455711084,5.182777046077427,183.51645911752712,265.45746327610686,2514.7054625704186,2839.857409358956,53.78401360544217,2.6135204081632653
cake,2,4,16,0,11.05510771786794,17496,8192,741.0149416056425,4.81284106304161,4.915270913818782,6.134328374401311,264.40890529192984,399.2970596300438,2723.7706885061925,3342.8667834959924,54.12266666666666,2.6236800000000002
baseline,2,8,32,0,15.394839694956318,35554,16384,1064.252718744954,6.67531402084082,6.940783771053831,8.497399789437928,287.8468312774203,424.4933361420408,3698.9322959270794,4572.4277017056,53.51672231939365,2.6055016695818094
cake,2,8,32,0,15.322628416819498,35554,16384,1069.26824525846,6.7036957957578185,6.859179085426748,8.055131240458994,275.08084641885944,419.70069834496826,3700.6693980511045,4536.3535609445535,52.001665885782714,2.560049976573481
baseline,2,16,64,0,22.25128107285127,71113,32768,1472.634312276975,9.751571870838447,9.848981755585164,12.85656953005871,332.4408420085092,617.6551241194829,5315.494068006956,6902.979667100589,53.82753484413235,2.6148260453239707
cake,2,16,64,0,18.046602598158643,71113,32768,1815.7434243796909,8.087609846503955,8.073379361041532,10.036051701941144,239.59240208932897,516.614001779817,4372.361033652851,5300.404284894466,52.10353456365342,2.563106036909603
baseline,2,32,128,0,25.23794302996248,142528,65536,2596.725094521201,11.099672611487744,11.333318482337194,13.555291898588699,342.11565317855275,977.2706945543177,6014.0483576487895,7784.0392708429135,53.86764588488864,2.616029376546659
cake,2,32,128,0,25.949744215933606,142528,65536,2525.4969549857733,11.446503852260546,11.322191862868776,15.322896111401167,359.3754561716196,981.4832619624212,6208.538924676759,8341.960601205938,54.376104062951654,2.6312831218885497
baseline,2,64,256,0,33.96997684217058,287191,131072,3858.4659803855457,14.90667841783898,14.939029191879449,19.27227246982397,528.0808805282504,1861.006411141716,8145.39355204397,10850.67878785776,55.01988540613414,2.650596562184024
cake,2,64,256,0,35.655099930940196,287191,131072,3676.1080533744484,15.71638511376639,15.928093466539586,20.44760053950032,543.6228811922774,1895.8583104540594,8574.695674326904,11508.050958800595,54.58673750016769,2.6376021250050306
